"https://corporate.onekeymls.com/products/cloud-cma","
    
    Cloud CMA | OneKey® MLS
  
  ",200
"https://corporate.onekeymls.com/products/crexi","
    
    Crexi | OneKey® MLS
  
  ",200
"https://corporate.onekeymls.com/summer-add-edit-search-and-report-updates","
    
    Summer Updates
  
  ",200
"https://corporate.onekeymls.com/","
    
    Home | OneKey® MLS
  
  ",200
"https://corporate.onekeymls.com/products/cubicasa","
    
    CubiCasa | OneKey® MLS
  
  ",200
"https://corporate.onekeymls.com/products/realist","
    
    Realist | OneKey® MLS
  
  ",200
"https://corporate.onekeymls.com/solutions/lead-generation","
    
    Lead Generation Solutions | OneKey® MLS
  
  ",200
"https://corporate.onekeymls.com/benefits/agents","
    
    Agent Benefits | OneKey® MLS
  
  ",200
"https://corporate.onekeymls.com/long-island-business-news-names-richard-haggerty-2025-real-estate-and-construction-influencer","
    
    LI Business News Name Haggerty & Spagnuolo 2025 Real Estate Influencers
  
  ",200
"https://corporate.onekeymls.com/onekey-mls-and-crexi-partner-to-streamline-leasing-and-sales-for-new-york-commercial-real-estate-professionals","
    
    OneKey® MLS and Crexi Partner to Streamline Leasing and Sales for New York Commercial Real Estate Professionals
  
  ",200
"https://corporate.onekeymls.com/products/remine-pro","
    
    Remine Pro | OneKey® MLS
  
  ",200
"https://corporate.onekeymls.com/doing-the-right-thing","
    
    Doing the Right Thing
  
  ",200
"https://corporate.onekeymls.com/solutions/performance-validation","
    
    Performance Validation Solutions | OneKey® MLS
  
  ",200
"https://corporate.onekeymls.com/feedback","
    
    Feedback | OneKey® MLS
  
  ",200
"https://corporate.onekeymls.com/ny-regional-single-family-home-price-increases-by-8-9-in-july-2024","
    
    NY Regional Single-Family Home Price Increases 8.9% in July 2024
  
  ",200
"https://corporate.onekeymls.com/fair-housing-resources","
    
    Fair Housing Resources | OneKey® MLS
  
  ",200
"https://corporate.onekeymls.com/onekey-mls-board-of-managers-welcomes-tom-hurdelbrink-veteran-real-estate-industry-leader","
    
    OneKey® MLS NamesTom Hurdelbrink to Board of Managers
  
  ",200
"https://corporate.onekeymls.com/onekey-mls-stands-with-rrf-to-help-california-wildfire-victims","
    
    OneKey® MLS Stands with RRF to Help California Wildfire Victims
  
  ",200
"https://corporate.onekeymls.com/onekey-mls-reports-march-2025-real-estate-trends-continued-seller-favored-market-with-varied-regional-pricing-shifts","
    
    OneKey® MLS Reports March 2025 Real Estate Trends: Continued Seller-Favored Market with Varied Regional Pricing Shifts
  
  ",200
"https://corporate.onekeymls.com/home-prices-climb-as-sales-decline-february-market-remains-competitive","
    
    Home Prices Climb as Sales Decline: February Market Remains Competitive
  
  ",200
"https://corporate.onekeymls.com/about/richard-haggerty","
    
    Richard Haggerty CEO | OneKey® MLS
  
  ",200
"https://corporate.onekeymls.com/solutions/property-valuation","
    
    Property Valuation | OneKey® MLS
  
  ",200
"https://corporate.onekeymls.com/solutions/branding-marketing","
    
    Branding & Marketing Solutions | OneKey® MLS
  
  ",200
"https://corporate.onekeymls.com/privacy-policy","
    
    Privacy Policy | OneKey® MLS
  
  ",200
"https://corporate.onekeymls.com/onekey-mls-partners-with-rismedia-to-deliver-premier-content-to-its-50000-plus-subscribers","
    
    OneKey® MLS Partners with RISMedia to Deliver Premier Content to Its 50000-Plus Subscribers
  
  ",200
"https://corporate.onekeymls.com/stratus-to-matrix--oct-21-copy","
    
    Stratus To Matrix | OneKey® MLS
  
  ",200
"https://corporate.onekeymls.com/benefits/consumers","
    
    Consumer Benefits | OneKey® MLS
  
  ",200
"https://corporate.onekeymls.com/sidekick-and-onekey-mls-announce-partnership","
    
    Sidekick and OneKey® MLS Announce Partnership
  
  ",200
"https://corporate.onekeymls.com/products/onehome","
    
    Core Logic® OneHome™ | OneKey® MLS
  
  ",200
"https://corporate.onekeymls.com/onekey-mls-reports-april-2025-residential-market-data-region-remains-strong-though-activity-slows","
    
    OneKey® MLS Reports April 2025 Residential Market Data: Region Remains Strong Though Activity Slows
  
  ",200
"https://corporate.onekeymls.com/solutions/client-collaboration","
    
    Client Collaboration Solutions | OneKey® MLS
  
  ",200
"https://corporate.onekeymls.com/ny-regional-housing-market-continues-strong-performance-into-fall","
    
    NY Regional Housing Market Continues Strong Performance into Fall
  
  ",200
"https://corporate.onekeymls.com/limited-inventory-continues-to-drive-home-prices-higher-across-the-region","
    
    Limited Inventory Continues to Drive Home Prices Higher Across the Region
  
  ",200
"https://corporate.onekeymls.com/products/realtors-property-resource","
    
    Realtors Property Resource | OneKey® MLS
  
  ",200
"https://corporate.onekeymls.com/solutions/listing-showing","
    
    Listing & Showing Solutions | OneKey® MLS
  
  ",200
"https://corporate.onekeymls.com/richard-haggerty-named-2024-long-island-business-influencer","
    
    Richard Haggerty Named 2024 Long Island Business  Influencer
  
  ",200
"https://corporate.onekeymls.com/products/matrix","
    
    Core Logic Matrix™ | OneKey® MLS
  
  ",200
"https://corporate.onekeymls.com/new-york-housing-market-sees-steady-price-growth-amid-slight-declines-in-sales-activity","
    
    New York Housing Market Sees Steady Price Growth Amid Slight Declines in Sales Activity
  
  ",200
"https://corporate.onekeymls.com/onekey-mls-reports-steady-market-prices-and-increase-in-new-listings-for-may-2025","
    
    OneKey® MLS Reports Steady Market Prices and Increase in New Listings for May 2025
  
  ",200
"https://corporate.onekeymls.com/learning-and-support","
    
    OneKey® MLS
  
  ",200
"https://corporate.onekeymls.com/benefits/appraisers","
    
    Appraiser Benefits | OneKey® MLS
  
  ",200
"https://corporate.onekeymls.com/onekey-signs-with-re-target","
    
    OneKey® MLS Signs with RE-Target to Deliver Targeted Advertising
  
  ",200
"https://corporate.onekeymls.com/contact","
    
    Contact Us | OneKey® MLS
  
  ",200
"https://corporate.onekeymls.com/small-moments-big-impact","
    
    Small Moments Big Impact
  
  ",200
"https://corporate.onekeymls.com/data","
    
    Real Estate Data | OneKey® MLS
  
  ",200
"https://corporate.onekeymls.com/ocusell-partnership-announcement","
    
    Ocusell Partnership Announcement
  
  ",200
"https://corporate.onekeymls.com/onekey-mls-welcomes-james-gaughan-as-customer-engagement-learning-and-outreach-manager","
    
    James Gaughan Named Customer Engagement Learning & Outreach Manager
  
  ",200
"https://corporate.onekeymls.com/spring-search-and-report-updates","
    
    Spring Add/Edit Search and Report Updates
  
  ",200
"https://corporate.onekeymls.com/new-york-metropolitan-area-real-estate-market-sees-rising-prices-and-low-inventory-in-2024","
    
    New York Metropolitan Area Real Estate Market Sees Rising Prices and Low Inventory in 2024
  
  ",200
"https://corporate.onekeymls.com/about/news/products","
    
    Product News | OneKey® MLS
  
  ",200
"https://corporate.onekeymls.com/why-onekey-unified-its-mls-backend","
    
    One Source One Future: Why OneKey Unified Its MLS Backend
  
  ",200
"https://corporate.onekeymls.com/products/mls-touch","
    
    MLS-Touch | OneKey® MLS
  
  ",200
"https://corporate.onekeymls.com/about/news","
    
    News | OneKey® MLS
  
  ",200
"https://corporate.onekeymls.com/solutions/news-insights","
    
    News & Insights Solutions | OneKey® MLS
  
  ",200
"https://corporate.onekeymls.com/about/news/market-statistics","
    
    Market Stats and News | OneKey® MLS
  
  ",200
"https://corporate.onekeymls.com/products/sentrilock","
    
    SentriLock® | OneKey® MLS
  
  ",200
"https://corporate.onekeymls.com/rismedia-names-haggerty-and-king-2025-newsmakers","
    
    RISMedia Names Haggerty and King to 2025 Newsmakers List
  
  ",200
"https://corporate.onekeymls.com/about/news/news","
    
    News | OneKey® MLS
  
  ",200
"https://corporate.onekeymls.com/home-old","
    
    Home | OneKey® MLS
  
  ",200
"https://corporate.onekeymls.com/about/melissa-king","
    
    Melissa King COO | OneKey® MLS
  
  ",200
"https://corporate.onekeymls.com/steady-yearly-increase-in-home-prices-with-a-monthly-cooldown","
    
    Steady Yearly Increase in Home Prices With a Monthly Cooldown
  
  ",200
"https://corporate.onekeymls.com/about/careers","
    
    Careers | OneKey® MLS
  
  ",200
"https://corporate.onekeymls.com/products/transaction-desk","
    
    Transaction Desk | OneKey® MLS
  
  ",200
"https://corporate.onekeymls.com/about/mission","
    
    Page not found
  
  ",404
"https://corporate.onekeymls.com/accessibility-policy","
    
    ADA Compliance Statement | OneKey® MLS
  
  ",200
"https://corporate.onekeymls.com/sunil-anthony-welcomed","
    
    Sunil Anthony  Welcomed as Director of Innovation
  
  ",200
"https://corporate.onekeymls.com/cubicasa-and-onekey-mls-forge-digital-floor-plan-partnership","
    
    CubiCasa and OneKey® MLS Forge Digital Floor Plan Partnership
  
  ",200
"https://corporate.onekeymls.com/benefits/brokers","
    
    Broker Benefits | OneKey® MLS
  
  ",200
"https://corporate.onekeymls.com/solutions","
    
    Solutions | OneKey® MLS
  
  ",200
"https://corporate.onekeymls.com/onekey-mls-and-sullivan-county-board-of-realtors-strengthen-partnership","
    
    OneKey® MLS and Sullivan County Board of REALTORS® Strengthen Partnership
  
  ",200
"https://corporate.onekeymls.com/politics-and-policy-in-new-york-real-estate","
    
    Politics and Policy in New York Real Estate
  
  ",200
"https://corporate.onekeymls.com/products/rentspree","
    
    RentSpree | OneKey® MLS
  
  ",200
"https://corporate.onekeymls.com/about/news/leadership","
    
    Leadership | OneKey® MLS
  
  ",200
"https://corporate.onekeymls.com/benefits/technology-vendors","
    
    Technology Vendor Benefits | OneKey® MLS
  
  ",200
"https://corporate.onekeymls.com/exciting-news-from-onekey-mls","
    
    Exciting News from OneKey MLS!
  
  ",200
"https://corporate.onekeymls.com/onekey-mls-appoints-melissa-king-as-coo","
    
    OneKey® MLS Appoints Melissa King as COO
  
  ",200
"https://corporate.onekeymls.com/products/onekeymls","
    
    OneKeyMLS.com | OneKey® MLS
  
  ",200
"https://corporate.onekeymls.com/solutions/market-insights","
    
    Market Insights | OneKey® MLS
  
  ",200
"https://corporate.onekeymls.com/benefits/advertisers","
    
    Advertiser Benefits | OneKey® MLS
  
  ",200
"https://corporate.onekeymls.com/products/rateplug","
    
    RatePlug | OneKey® MLS
  
  ",200
"https://corporate.onekeymls.com/how-to-reframe-imposter-syndrome","
    
    How to Reframe Imposter Syndrome
  
  ",200
"https://corporate.onekeymls.com/onekey-mls-expands-ny-regional-coverage-with-acquisition-of-mid-hudson-mls","
    
    OneKey® MLS Acquires Mid-Hudson MLS Expands NY Coverage
  
  ",200
"https://corporate.onekeymls.com/about/updates","
    
    Updates | OneKey® MLS
  
  ",200
"https://corporate.onekeymls.com/products/product-template","
    
    Page not found
  
  ",404
"https://corporate.onekeymls.com/onekey-mls-board-member-linda-lugo-honored-by-nysar","
    
    OneKey MLS Board Member Linda Lugo Honored by NYSAR
  
  ",200
"https://corporate.onekeymls.com/onekey-mls-report-highlights-shifts-in-closed-sales-amid-ongoing-inventory-constraints-in-new-york-regional-housing-market","
    
    OneKey® MLS Report Highlights Shifts in Closed Sales Amid Ongoing Inventory Constraints in New York Regional Housing Market
  
  ",200
"https://corporate.onekeymls.com/solutions/learning-development","
    
    Learning & Development Solutions | OneKey® MLS
  
  ",200
"https://corporate.onekeymls.com/onekey-mls-appoints-three-staff-members-recognizes-achievements-of-team-leaders","
    
    OneKey® MLS Appoints Three Staff Members Recognizes Team Leaders
  
  ",200
"https://corporate.onekeymls.com/thank-you","
    
    Thank You | OneKey® MLS
  
  ",200
"https://corporate.onekeymls.com/terms-of-use","
    
    Terms of Use | OneKey® MLS
  
  ",200
"https://corporate.onekeymls.com/products/showingtime","
    
    Showingtime® for the MLS | OneKey® MLS
  
  ",200
"https://corporate.onekeymls.com/stratus-to-matrix","
    
    Stratus To Matrix | OneKey® MLS
  
  ",200
"https://corporate.onekeymls.com/solutions/office-management","
    
    Office Management Solutions | OneKey® MLS
  
  ",200
"https://corporate.onekeymls.com/products/data-delivery","
    
    Data Delivery | OneKey® MLS
  
  ",200
"https://corporate.onekeymls.com/onekey-recognizes-key-real-estate-professionals","
    
    OneKey Recognizes Key Real Estate Professionals
  
  ",200
"https://corporate.onekeymls.com/products/down-payment-resource","
    
    Down Payment Resource | OneKey® MLS
  
  ",200
"https://corporate.onekeymls.com/coming-soon-matrix-document-privacy-options","
    
    Release Notes: March 12 2025
  
  ",200
"https://corporate.onekeymls.com/about/staff","
    
    Staff | OneKey® MLS
  
  ",200
"https://corporate.onekeymls.com/building-bridges","
    
    Building Bridges
  
  ",200
"https://corporate.onekeymls.com/market-knowledge-and-insights-that-help-re-professionals-stand-out","
    
    Market Knowledge that Help RE Professionals Stand Out
  
  ",200
"https://corporate.onekeymls.com/new-york-regional-single-family-home-price-jumps-8-4-in-august-2024","
    
    NY Regional Single-Family Home Price Jumps 8.4% in August 2024
  
  ",200
"https://corporate.onekeymls.com/onekey-mls-selects-mls-grid-as-solution-to-data-feed-management","
    
    OneKey® MLS Selects MLS Grid as Solution to Data Feed Management
  
  ",200
"https://corporate.onekeymls.com/solutions/searching-reporting","
    
    Searching & Reporting Solutions | OneKey® MLS
  
  ",200
"https://corporate.onekeymls.com/fair-housing-no-room-for-discrimination","
    
    Fair Housing - No Room for Discrimination
  
  ",200
"https://corporate.onekeymls.com/onekey-mls-relaunches-onekeymls-com-the-comprehensive-consumer-property-search-portal-for-nyc-long-island-and-hudson-valley","
    
    New OneKeyMLS.com Re-Launches with Texting and More Data
  
  ",200
"https://corporate.onekeymls.com/about/news/people","
    
    News | OneKey® MLS
  
  ",200
"https://corporate.onekeymls.com/about","
    
    OneKey® MLS
  
  ",200
"https://corporate.onekeymls.com/onekey-mls-marks-five-year-anniversary-as-top-10-mls-with-42-000-subscribers","
    
    Boyland Interview Marks OneKey® MLS's Fifth Anniversary
  
  ",200
"https://corporate.onekeymls.com/dmca","
    
    DMCA | OneKey® MLS
  
  ",200
"https://corporate.onekeymls.com/onekey-mls-appoints-richard-haggerty-as-ceo","
    
    OneKey® MLS Appoints Richard Haggerty as CEO
  
  ",200
"https://corporate.onekeymls.com/products/marketstats","
    
    MarketStats by ShowingTime® | OneKey® MLS
  
  ",200
"https://corporate.onekeymls.com/products/listtrac","
    
    ListTrac | OneKey® MLS
  
  ",200
"https://corporate.onekeymls.com/about/board-of-managers","
    
    Board of Managers | OneKey® MLS
  
  ",200
"https://corporate.onekeymls.com/national-homeownership-month-changemakers-impactful-lives","
    
    National Homeownership Month Changemakers – Impactful Lives
  
  ",200
"https://corporate.onekeymls.com/join","
    
    Join | OneKey® MLS
  
  ",200
"https://corporate.onekeymls.com/onekey-mls-successfully-launches-rentspree-integration-for-all-subscribers","
    
    OneKey® MLS Launches RentSpree Integration for All Subscribers
  
  ",200
